"id","name","bio","image","craftIds"
"1","{""zh"":""張師傅"",""en"":""Master Zhang""}","廣彩世家第三代傳人，致力於將現代設計融入傳統工藝。","https://picsum.photos/seed/artisan1/200/200","[1]"
"2","{""zh"":""劉師傅"",""en"":""Master Lau""}","四十年經驗的霓虹燈藝術家，堅持傳統手工製作。","https://picsum.photos/seed/artisan2/200/200","[2]"
"3","{""zh"":""陳師傅"",""en"":""Master Chan""}","香港碩果僅存的手雕麻雀師傅之一，守護著香港人的集體回憶。","https://picsum.photos/seed/artisan3/200/200","[3]"
"4","{""zh"":""王師傅"",""en"":""Master Wong""}","五十年經驗的海派長衫裁縫，相信每一件長衫都有生命。","https://picsum.photos/seed/artisan4/200/200","[4]"
"5","{""zh"":""李師傅"",""en"":""Master Lee""}","堅守傳統活字印刷的工匠，將舊技術轉化為新時代的藝術體驗。","https://picsum.photos/seed/artisan5/200/200","[5]"
