"id","title","date","time","location","description","organizer","organizer_icon","image","region","type","isFeatured","url"
"1","{""zh"":""《身臨夢境：1950年代至今的女性藝術家環境作品》"",""en"":""Dream Rooms: Environments by Women Artists from the 1950s to Now""}","2025.09.20 - 2026.01.18","{""zh"":""見官網"",""en"":""See official website""}","{""zh"":""西九文化區 M+ 博物館"",""en"":""M+ Museum, West Kowloon Cultural District""}","{""zh"":""「環境」是一種由觀者主動參與的藝術作品。當觀者在環境作品中穿梭或在其四周行走時，會感受到物件、光、流動影像和聲音的刺激。自二十世紀中葉以來，環境一直是全球藝術的重要一門，為今日風靡一時的沉浸式體驗奠下基礎。"",""en"":""An 'environment' is a work of art that the viewer actively participates in. As viewers move through or around an environmental work, they are stimulated by objects, light, moving images, and sound. Since the mid-twentieth century, environments have been an important part of global art, laying the foundation for today's popular immersive experiences.""}","M+博物館","https://picsum.photos/seed/mplus/100/100","https://media.art-mate.net/uploads/artmate/202506/20250625_172042_iaPqfrcw5B_p.png","九龍","展覽","1","https://www.mplus.org.hk/tc/exhibitions/dream-rooms-environments-by-women-artists/"
"2","{""zh"":""《鑑古識今──敏求精舍六十五周年》"",""en"":""Engaging the Past, Enlightening the Present – The 65th Anniversary of the Min Chiu Society""}","2025.08.30 - 2026.01.14","{""zh"":""見官網"",""en"":""See official website""}","{""zh"":""尖沙咀 香港藝術館"",""en"":""Hong Kong Museum of Art, Tsim Sha Tsui""}","{""zh"":""金文中的「鑑」，如俯身凝視銅盆中的倒影，此字後來更延伸至對人心的觀照。若器物囿於功用，終究只為凡物，然若經精工細琢，既合實用，又藏深意，正是「器以載道」。"",""en"":""The character '鑑' in bronze inscriptions, like looking down at one's reflection in a bronze basin, later extended to the contemplation of the human heart. If an object is confined to its function, it is merely a common thing; but if it is finely crafted, practical, and holds deep meaning, it truly 'carries the Way'.""}","香港藝術館","https://picsum.photos/seed/hkmuseumofart/100/100","https://media.art-mate.net/uploads/artmate/202509/thumbnail/20250903_141146_tRwlGVyvjl_p_0_300.jpg","九龍","展覽","1","https://hk.art.museum/tc/web/ma/exhibitions-and-events/engaging-past-wisdom.html"
"3","{""zh"":""和太鼓倭《火の鳥》"",""en"":""Yamato - The Drummers of Japan 'Hinotori'""}","2025.11.07 - 08","{""zh"":""晚上"",""en"":""Evening""}","{""zh"":""香港文化中心"",""en"":""Hong Kong Cultural Centre""}","{""zh"":""來自日本的太鼓表演，將傳統藝術以充滿力量和現代感的舞台效果呈現，是「亞藝無疆」藝術節的亮點。"",""en"":""A taiko performance from Japan, presenting traditional art with powerful and modern stage effects, a highlight of the 'Asia+ Festival'.""}","亞藝無疆藝術節","https://picsum.photos/seed/asiaplus/100/100","https://media.art-mate.net/uploads/artmate/202507/20250714_153940_tgdLzmAEas_p.jpg","九龍","展覽","1","https://www.urbtix.hk/"
"4","{""zh"":""TATTOUR HK 2025 國際紋身藝術博覽會"",""en"":""TATTOUR HK 2025 International Tattoo Convention""}","2025.11.14 - 16","{""zh"":""全日"",""en"":""All Day""}","{""zh"":""中環 PMQ元創方"",""en"":""PMQ, Central""}","{""zh"":""國際級的紋身藝術博覽會，匯聚全球頂尖紋身藝術家，結合潮流市集、音樂與美食。"",""en"":""An international-level tattoo art expo, gathering top tattoo artists from around the globe, combined with a trendy market, music, and food.""}","PMQ元創方","https://picsum.photos/seed/pmq/100/100","https://cdn.am730.com.hk/s3fs-public/styles/article_image/public/2025-09/Picture%204.jpg?itok=3jawrfJZ&timestamp=1759233267","港島","展覽","1","https://www.pmq.org.hk/"
"8","{""zh"":""Obellery 金工銀飾製作工作坊"",""en"":""Obellery Metal & Silver Jewellery Workshop""}","需預約","{""zh"":""見官網"",""en"":""See official website""}","{""zh"":""中環"",""en"":""Central""}","{""zh"":""學習基本的金工技術，如鋸切、鍛敲、焊接和打磨，親手用純銀或黃銅等材料製作戒指、手鐲或吊墜。"",""en"":""Learn basic metalworking techniques such as sawing, forging, soldering, and polishing to create your own rings, bracelets, or pendants from sterling silver or brass.""}","Obellery","https://picsum.photos/seed/obellery/100/100","https://www.pmq.org.hk/media/upload/H403_Obellery_Beginner-Jewellery-Workshop-by-Obellery_updated_20230601_KV.jpg","港島","工作坊","0","https://obellery.com/"
